lgacode,lganame,statecode,source,statename,capitalcity,geozone,longitude,latitude
27011,Kontagora,NI,EHA_ABRAHAM,Niger,Minna,North Central,5.589916706,10.68407154
27015,Mariga,NI,EHA_ABRAHAM,Niger,Minna,North Central,6.016665567,11.11828903
25004,Amuwo Odofin,LA,NGA_TEAMGIS,Lagos,Lagos,South West,3.264757156,6.481712341
25002,Ajeromi/Ifelodun,LA,NGA_TEAMGIS,Lagos,Lagos,South West,3.321064472,6.460388184
25018,Surulere,LA,EHA-OLUSEYE,Lagos,Lagos,South West,3.343013254,6.489195443
31014,Ido,OY,EHA-ABRAHAM,Oyo,Ibandan,South West,3.694976725,7.651204345
30013,Ife North,OS,GRID,Osun,Oshogbo,South West,4.397731956,7.250623865
30012,Ife East,OS,GRID,Osun,Oshogbo,South West,4.593132353,7.380299207
31020,Lagelu,OY,EHA_ABRAHAM,Oyo,Ibandan,South West,4.075807606,7.653036076
18030,Sule Tankarkar,JI,EHA-OLUSEYE,Jigawa,Dutse,North West,9.057519298,12.84520593
18016,Gagarawa,JI,EHA-OLUSEYE,Jigawa,Dutse,North West,9.56266474,12.57888288
26013,Wamba,NA,GRID,Nasarawa,Lafia,North Central,8.763680618,9.101872454
26004,Karu,NA,GRID,Nasarawa,Lafia,North Central,7.592183829,8.929308052
31002,Akinyele,OY,EHA-ABRAHAM,Oyo,Ibandan,South West,4.063088472,7.651143906
26007,Kokona,NA,GRID,Nasarawa,Lafia,North Central,7.903106518,8.812429912
26008,Lafia,NA,GRID,Nasarawa,Lafia,North Central,8.900775275,8.752103124
26005,Keana,NA,WHO,Nasarawa,Lafia,North Central,8.959122658,8.281416893
17019,Okigwe,IM,GRID,Imo,Owerri,South East,7.382353029,5.702905906
17027,Onuimo,IM,GRID,Imo,Owerri,South East,7.207482467,5.714013342
7006,Guma,BE,GRID,Benue,Makurdi,North Central,8.948965534,7.806773959
26002,Awe,NA,GRID,Nasarawa,Lafia,North Central,9.035845514,8.067906588
122,Mobbar,BR,Oluseye.Abraham,Borno,Maiduguri,North East,12.63303011,13.28681322
108,Dikwa,BR,Oluseye.Abraham,Borno,Maiduguri,North East,14.04496228,12.08008484
16001,Akko,GO,GRID,Gombe,Gombe,North East,10.83744717,10.39559078
16007,Kaltungo,GO,GRID,Gombe,Gombe,North East,11.47987041,10.00121682
16003,Billiri,GO,GRID,Gombe,Gombe,North East,11.23648739,9.813784599
121,Marte,BR,EHA-SAMUEL,Borno,Maiduguri,North East,13.99233374,12.33887307
125,Ngala,BR,Abraham.Oluseye,Borno,Maiduguri,North East,14.20023413,12.50210817
25001,Agege,LA,EHA-OLUSEYE,Lagos,Lagos,South West,3.30210768,6.635380162
25003,Alimosho,LA,EHA-OLUSEYE,Lagos,Lagos,South West,3.240007639,6.616025448
25005,Apapa,LA,NGA_TEAMGIS,Lagos,Lagos,South West,3.35534953,6.46029296
25019,Lagos Mainland,LA,EHA-SAMUEL,Lagos,Lagos,South West,3.349546921,6.503412421
25014,Mushin,LA,EHA-OLUSEYE,Lagos,Lagos,South West,3.336402427,6.531686665
25016,Oshodi/Isolo,LA,EHA-OLUSEYE,Lagos,Lagos,South West,3.288542509,6.534671783
31001,Afijio,OY,WHO,Oyo,Ibandan,South West,4.072491646,7.808732986
4021,Oyi,AN,GRID,Anambra,Awka,South East,6.889617852,6.245164514
4003,Anambra West,AN,GRID,Anambra,Awka,South East,6.675435146,6.465829283
4011,Idemili South,AN,GRID,Anambra,Awka,South East,6.943911015,6.093231056
4002,Anambra East,AN,GRID,Anambra,Awka,South East,6.821009356,6.298899774
4004,Anaocha,AN,GRID,Anambra,Awka,South East,7.008857136,6.148301048
31023,Ogo Oluwa,OY,WHO,Oyo,Ibandan,South West,4.284803391,8.046435356
30010,Ejigbo,OS,GRID,Osun,Oshogbo,South West,4.147759506,7.849819633
30026,Ola Oluwa,OS,GRID,Osun,Oshogbo,South West,4.284803457,7.673669625
11002,Afikpo North,EB,EHA_ABRAHAM,Ebonyi,Abakaliki,South East,7.979213238,5.965697765
9006,Biase,CR,GRID,Cross River,Calabar,South South,8.036915755,5.33406745
9001,Abi,CR,GRID,Cross River,Calabar,South South,8.045115323,5.834470156
14009,Igbo-Eze-South,EN,WHO,Enugu,Enugu,South East,7.490959167,6.909144402
4018,Onitsha South,AN,WHO,Anambra,Awka,South East,6.786333084,6.123458385
30019,Ilesha West,OS,GRID,Osun,Oshogbo,South West,4.708309543,7.587335959
29014,Okitipupa,ON,WHO,Ondo,Akure,South West,4.86796999,6.586525917
12012,Oredo,ED,WHO,Edo,Benin City,South South,5.462244987,6.099954128
12003,Esan North-East,ED,WHO,Edo,Benin City,South South,6.487065792,6.922283173
12008,Etsako East,ED,WHO,Edo,Benin City,South South,6.485763073,7.341996193
505,Bagudu,KB,EHA-MICHAEL,Kebbi,Birnin Kebbi,North West,3.775545374,11.60637473
29011,Ile Oluji/Okeigbo,ON,EHA-OLUSEYE,Ondo,Akure,South West,5.035132885,7.372309208
518,Suru,KB,EHA-TOSIN,Kebbi,Birnin Kebbi,North West,4.151580459,12.07414871
514,Maiyama,KB,EHA-SAMUEL,Kebbi,Birnin Kebbi,North West,4.244795099,12.30427354
9004,Bakassi,CR,GRID,Cross River,Calabar,South South,8.343891188,4.74669435
10012,Ndokwa West,DE,WHO,Delta,Asaba,South South,6.479153156,5.985262871
519,Wasagu-Danko,KB,EHA-MICHAEL,Kebbi,Birnin Kebbi,North West,5.720743127,11.68775051
29007,Ese Odo,ON,WHO,Ondo,Akure,South West,5.015618801,6.292353153
421,Katsina,KT,EHA-SAMUEL,Katsina,Katsina,North West,7.669285327,13.0810345
23021,Yagba West,KO,WHO,Kogi,Lokoja,North Central,5.688176632,8.452851295
10006,Ethiope West,DE,WHO,Delta,Asaba,South South,5.764177322,5.997814178
801,Anka,ZA,EHA-OLUSEYE,Zamfara,Gusau,North West,5.8924,12.2434
10019,Ughelli North,DE,EHA-OLUSEYE,Delta,Asaba,South South,6.136820793,5.739002228
29012,Irele,ON,WHO,Ondo,Akure,South West,5.122329712,6.698738575
29004,Akoko South West,ON,WHO,Ondo,Akure,South West,5.82348299,7.495887756
10007,Ika North East,DE,WHO,Delta,Asaba,South South,6.375341892,6.239600182
10023,Warri North,DE,EHA-MICHAEL,Delta,Asaba,South South,5.142962933,6.143306732
29003,Akoko South East,ON,WHO,Ondo,Akure,South West,5.950448036,7.344475269
23002,Ajaokuta,KO,WHO,Kogi,Lokoja,North Central,6.755282879,7.730327129
6002,Ekeremor,BY,EHA-MICHAEL,Bayelsa,Yenagoa,South South,5.959865093,5.100848198
23009,Ijumu,KO,EHA-OLUSEYE,Kogi,Lokoja,North Central,6.076341152,7.754534245
6001,Brass,BY,EHA-MICHAEL,Bayelsa,Yenagoa,South South,6.574090481,4.709374905
23001,Adavi,KO,WHO,Kogi,Lokoja,North Central,6.710334778,7.786450863
15004,Kuje,FC,EHA-OLUSEYE,"Fct, Abuja",Abuja,North Central,7.126719294,8.927460611
19005,Ikara,KD,EHA-OLUSEYE,Kaduna,Kaduna,North West,8.102155055,11.52327987
609,Isa,SO,EHA-OLUSEYE,Sokoto,Sokoto,North West,6.088256028,13.37576122
12006,Esan West,ED,EHA-OLUSEYE,Edo,Benin City,South South,6.246152878,6.827006817
11006,Ezza South,EB,WHO,Ebonyi,Abakaliki,South East,8.139165995,6.193788464
23010,Kabba/Bunu,KO,EHA-OLUSEYE,Kogi,Lokoja,North Central,6.496150494,8.163342476
10008,Ika South,DE,EHA-OLUSEYE,Delta,Asaba,South South,6.197598934,6.282746315
10021,Ukwuani,DE,WHO,Delta,Asaba,South South,6.166832447,5.726475716
23014,Ofu,KO,WHO,Kogi,Lokoja,North Central,6.813199043,7.45298481
23008,Igalamela-Odolu,KO,WHO,Kogi,Lokoja,North Central,7.307423592,7.183321476
15005,Kwali,FC,EHA-OLUSEYE,"Fct, Abuja",Abuja,North Central,7.025070748,8.932248279
33011,Etche,RI,WHO,Rivers,Port Harcourt,South South,7.242135048,5.195867062
10001,Aniocha North,DE,WHO,Delta,Asaba,South South,6.581527233,6.291166782
431,Sabuwa,KT,EHA-SAMUEL,Katsina,Katsina,North West,7.107757615,11.55093242
414,Funtua,KT,EHA-OLUSEYE,Katsina,Katsina,North West,7.192496738,11.58788405
24007,Ilorin South,KW,EHA-OLUSEYE,Kwara,Ilorin,North Central,4.63412714,8.442228317
3006,Etim Ekpo,AK,WHO,Akwa Ibom,Uyo,South South,7.714657784,4.998222828
423,Kusada,KT,EHA-OLUSEYE,Katsina,Katsina,North West,7.962494316,12.57722026
27003,Bida,NI,EHA_ABRAHAM,Niger,Minna,North Central,6.018314231,9.058886516
3013,Ikot Abasi,AK,EHA-SAMUEL,Akwa Ibom,Uyo,South South,7.688864231,4.708866119
418,Kaita,KT,EHA-SAMUEL,Katsina,Katsina,North West,7.818427165,13.2861977
3019,Nsit Atai,AK,WHO,Akwa Ibom,Uyo,South South,8.089216232,4.869660854
20018,Ungogo,KN,EHA-SAMUEL,Kano,Kano,North West,8.543063113,12.13662527
3012,Ikono,AK,WHO,Akwa Ibom,Uyo,South South,7.805801868,5.289264202
405,Bindawa,KT,EHA-OLUSEYE,Katsina,Katsina,North West,7.971470961,12.84709442
3020,Nsit Ibom,AK,WHO,Akwa Ibom,Uyo,South South,7.882637978,5.000734806
3016,Itu,AK,WHO,Akwa Ibom,Uyo,South South,8.069683075,5.135974884
3021,Nsit Ubium,AK,WHO,Akwa Ibom,Uyo,South South,7.974884987,4.834684849
19006,Jaba,KD,eHA-Tosin,Kaduna,Kaduna,North West,8.035824098,9.570606889
424,Mai'Adua,KT,EHA-OLUSEYE,Katsina,Katsina,North West,8.427161618,13.08363121
410,Daura,KT,EHA-OLUSEYE,Katsina,Katsina,North West,8.363377457,13.04861291
18015,Roni,JI,EHA-OLUSEYE,Jigawa,Dutse,North West,8.252683491,12.69294959
18009,Gwiwa,JI,EHA-TOSIN,Jigawa,Dutse,North West,8.346843347,12.8298983
411,Dutsi,KT,EHA-SAMUEL,Katsina,Katsina,North West,8.17402344,13.00973345
11010,Izzi,EB,WHO,Ebonyi,Abakaliki,South East,8.294514656,6.67870903
20011,Sumaila,KN,NGA_TEAMGIS,Kano,Kano,North West,8.942940459,11.55538155
19013,Kaura,KD,eHA-Tosin,Kaduna,Kaduna,North West,8.542444752,9.742547285
13003,Ekiti East,EK,GRID,Ekiti,Ado,South West,5.641355806,7.780931786
26011,Obi,NA,WHO,Nasarawa,Lafia,North Central,9.008576393,8.400403976
18004,Babura,JI,EHA-OLUSEYE,Jigawa,Dutse,North West,9.032391702,12.67272791
35014,Wukari,TA,EHA-OLUSEYE,Taraba,Jalingo,North East,10.05706978,8.234436989
513,Koko-Besse,KB,NGA_TEAMGIS,Kebbi,Birnin Kebbi,North West,4.357269058,11.74864285
27024,Tafa,NI,EHA-MICHAEL,Niger,Minna,North Central,7.378645292,9.336468364
12010,Iguegben,ED,EHA-OLUSEYE,Edo,Benin City,South South,6.321023941,6.666052818
35001,Ardo-Kola,TA,EHA-OLUSEYE,Taraba,Jalingo,North East,11.39207649,8.816390038
29006,Akure South,ON,EHA-OLUSEYE,Ondo,Akure,South West,5.349980831,7.11181879
713,Nguru,YO,EHA-ABRAHAM,Yobe,Damaturu,North East,10.39335181,13.09068137
6007,Southern Ijaw,BY,EHA-OLUSEYE,Bayelsa,Yenagoa,South South,6.106503304,5.008985534
608,Illela,SO,EHA-SAMUEL,Sokoto,Sokoto,North West,5.434047074,13.77582907
19004,Igabi,KD,EHA-OLUSEYE,Kaduna,Kaduna,North West,7.430087039,11.00058963
12011,Ikpoba-Okha,ED,EHA-OLUSEYE,Edo,Benin City,South South,5.680003207,6.371104759
20016,Gabasawa,KN,EHA-SAMUEL,Kano,Kano,North West,8.913424378,12.27848846
33003,Ahoada West,RI,WHO,Rivers,Port Harcourt,South South,6.592765808,5.174438953
35007,Jalingo,TA,EHA-OLUSEYE,Taraba,Jalingo,North East,11.21965934,9.078746569
23015,Ogori/Magongo,KO,WHO,Kogi,Lokoja,North Central,6.2253232,7.46839571
35009,Kurmi,TA,EHA-OLUSEYE,Taraba,Jalingo,North East,10.99578667,7.260502815
10003,Bomadi,DE,EHA-MICHAEL,Delta,Asaba,South South,5.927133083,5.176925182
18010,Kazaure,JI,EHA-SAMUEL,Jigawa,Dutse,North West,8.546410427,12.7134379
23018,Olamaboro,KO,EHA-OLUSEYE,Kogi,Lokoja,North Central,7.644887924,7.308187008
10020,Ughelli South,DE,EHA-OLUSEYE,Delta,Asaba,South South,5.853374958,5.555644989
27007,Edati,NI,WHO,Niger,Minna,North Central,5.778802113,9.174391925
10018,Udu,DE,WHO,Delta,Asaba,South South,5.819704533,5.539459229
12017,Owan West,ED,WHO,Edo,Benin City,South South,6.046033859,6.776315212
24013,Offa,KW,WHO,Kwara,Ilorin,North Central,4.722100258,8.114451408
508,Dandi,KB,EHA-TOSIN,Kebbi,Birnin Kebbi,North West,3.736477192,12.13330907
33017,Ogu Bolo,RI,WHO,Rivers,Port Harcourt,South South,7.234645844,4.702348232
12013,Orhionmwon,ED,EHA-OLUSEYE,Edo,Benin City,South South,6.215703011,6.421175957
33005,Andoni,RI,EHA-OLUSEYE,Rivers,Port Harcourt,South South,7.497570187,4.549121319
14008,Igbo-Eze-North,EN,WHO,Enugu,Enugu,South East,7.530513763,7.032278061
6004,Nembe,BY,EHA-OLUSEYE,Bayelsa,Yenagoa,South South,6.321376801,4.641861916
24009,Irepodun,KW,WHO,Kwara,Ilorin,North Central,5.181912422,8.192491531
623,Yabo,SO,EHA-TOSIN,Sokoto,Sokoto,North West,4.9377,12.9337
803,Birnin Magaji-Kiyaw,ZA,EHA-SAMUEL,Zamfara,Gusau,North West,7.035004555,12.66137026
409,Dan Musa,KT,eHA-Tosin,Katsina,Katsina,North West,7.111008879,12.43742796
24008,Ilorin West,KW,EHA-OLUSEYE,Kwara,Ilorin,North Central,4.530975342,8.569263458
14013,Nsukka,EN,WHO,Enugu,Enugu,South East,7.453174114,6.865784645
432,Safana,KT,NGA_TEAMGIS,Katsina,Katsina,North West,7.111008879,12.43742796
29016,Ondo West,ON,EHA-OLUSEYE,Ondo,Akure,South West,4.915926933,6.966292858
807,Gusau,ZA,EHA-SAMUEL,Zamfara,Gusau,North West,6.666539577,12.21512457
24010,Isin,KW,EHA-OLUSEYE,Kwara,Ilorin,North Central,4.985413074,8.346821785
517,Shanga,KB,EHA-OLUSEYE,Kebbi,Birnin Kebbi,North West,4.637666585,11.47886155
27004,Borgu,NI,EHA-OLUSEYE,Niger,Minna,North Central,4.132406235,11.02545834
23016,Okehi,KO,WHO,Kogi,Lokoja,North Central,6.570580959,7.869692326
502,Arewa Dandi,KB,EHA-SAMUEL,Kebbi,Birnin Kebbi,North West,4.457422615,13.18262222
29015,Ondo East,ON,EHA-OLUSEYE,Ondo,Akure,South West,5.005200699,7.186956899
506,Birnin Kebbi,KB,EHA-TOSIN,Kebbi,Birnin Kebbi,North West,4.242003572,12.57943659
29009,Ifedore,ON,EHA-OLUSEYE,Ondo,Akure,South West,5.13858223,7.443981171
511,Jega,KB,EHA-SAMUEL,Kebbi,Birnin Kebbi,North West,4.35671606,12.33398593
617,Sokoto South,SO,EHA-TOSIN,Sokoto,Sokoto,North West,5.264268801,13.06573192
503,Argungu,KB,EHA-SAMUEL,Kebbi,Birnin Kebbi,North West,4.550978744,12.7974429
27002,Agwara,NI,EHA-OLUSEYE,Niger,Minna,North Central,4.568492413,10.90865135
619,Tangaza,SO,EHA-SAMUEL,Sokoto,Sokoto,North West,4.908882411,13.7459281
13015,Moba,EK,GRID,Ekiti,Ado,South West,5.183726751,8.034302952
29013,Odigbo,ON,WHO,Ondo,Akure,South West,4.914076328,6.957065105
510,Gwandu,KB,EHA-SAMUEL,Kebbi,Birnin Kebbi,North West,4.61816873,12.6604931
29010,Ilaje,ON,EHA-MICHAEL,Ondo,Akure,South West,4.586972237,6.494270802
10005,Ethiope East,DE,WHO,Delta,Asaba,South South,5.991903782,5.754439831
10017,Sapele,DE,WHO,Delta,Asaba,South South,5.779450893,5.817859173
515,Ngaski,KB,EHA-OLUSEYE,Kebbi,Birnin Kebbi,North West,5.02534744,10.88980782
33013,Ikwerre,RI,WHO,Rivers,Port Harcourt,South South,6.97178793,5.236238003
509,Fakai,KB,EHA-OLUSEYE,Kebbi,Birnin Kebbi,North West,4.831562382,11.7566955
10024,Warri South,DE,EHA-OLUSEYE,Delta,Asaba,South South,5.52084589,5.860784054
520,Yauri,KB,EHA-OLUSEYE,Kebbi,Birnin Kebbi,North West,4.717478531,10.91944197
14006,Ezeagu,EN,WHO,Enugu,Enugu,South East,7.245460987,6.275623322
10016,Patani,DE,WHO,Delta,Asaba,South South,6.233532906,5.238167763
810,Maru,ZA,EHA-OLUSEYE,Zamfara,Gusau,North West,6.290020252,12.40297333
29002,Akoko North West,ON,WHO,Ondo,Akure,South West,5.940000534,7.64511013
10022,Uvwie,DE,EHA-OLUSEYE,Delta,Asaba,South South,5.83392477,5.586434364
19001,Birnin Gwari,KD,EHA-OLUSEYE,Kaduna,Kaduna,North West,6.923967569,11.38252484
29008,Idanre,ON,EHA-OLUSEYE,Ondo,Akure,South West,5.063632011,7.249660015
33016,Ogba/Egbema/Ndoni,RI,WHO,Rivers,Port Harcourt,South South,6.668275833,5.721829414
6005,Ogbia,BY,EHA_ABRAHAM,Bayelsa,Yenagoa,South South,6.42286396,4.777152061
12015,Ovia South-West,ED,WHO,Edo,Benin City,South South,5.459748745,6.88598299
607,Gwadabawa,SO,EHA-SAMUEL,Sokoto,Sokoto,North West,5.370723302,13.56189453
616,Sokoto North,SO,EHA-TOSIN,Sokoto,Sokoto,North West,5.259551407,13.08750183
611,Kware,SO,EHA-TOSIN,Sokoto,Sokoto,North West,5.254628323,13.33757108
10002,Aniocha South,DE,WHO,Delta,Asaba,South South,6.581527233,6.291166782
805,Bungudu,ZA,EHA-SAMUEL,Zamfara,Gusau,North West,6.544870627,12.43787007
10004,Burutu,DE,EHA-MICHAEL,Delta,Asaba,South South,5.722864151,5.388816833
19002,Chikun,KD,EHA-OLUSEYE,Kaduna,Kaduna,North West,6.858634897,10.79406284
29001,Akoko North East,ON,WHO,Ondo,Akure,South West,6.004125595,7.52923584
33007,Bonny,RI,EHA-OLUSEYE,Rivers,Port Harcourt,South South,7.26232244,4.501877276
29018,Owo,ON,WHO,Ondo,Akure,South West,5.66974926,7.300109386
10013,Okpe,DE,EHA-OLUSEYE,Delta,Asaba,South South,5.779450893,5.817859173
33006,Asari-Toru,RI,WHO,Rivers,Port Harcourt,South South,6.88726902,4.797744751
29017,Ose,ON,WHO,Ondo,Akure,South West,5.846866131,7.394510746
23020,Yagba East,KO,WHO,Kogi,Lokoja,North Central,6.082657814,8.401763916
12016,Owan East,ED,WHO,Edo,Benin City,South South,6.180317879,7.11275816
6006,Sagbama,BY,EHA-OLUSEYE,Bayelsa,Yenagoa,South South,6.552827835,5.379875183
812,Talata Mafara,ZA,EHA-SAMUEL,Zamfara,Gusau,North West,6.127616227,12.62235408
10009,Isoko North,DE,WHO,Delta,Asaba,South South,6.347042084,5.448467255
12001,Akoko-Edo,ED,WHO,Edo,Benin City,South South,6.125701427,7.575399876
23017,Okene,KO,WHO,Kogi,Lokoja,North Central,6.40882206,7.52722311
27010,Katcha,NI,WHO,Niger,Minna,North Central,6.313847065,9.3990345
10010,Isoko South,DE,WHO,Delta,Asaba,South South,6.347042084,5.448467255
11011,Ohaozara,EB,WHO,Ebonyi,Abakaliki,South East,7.863252038,6.005390398
12009,Etsako West,ED,WHO,Edo,Benin City,South South,6.414650917,7.166707993
811,Shinkafi,ZA,EHA-OLUSEYE,Zamfara,Gusau,North West,6.3369,13.1686
13010,Ikere,EK,GRID,Ekiti,Ado,South West,5.176868303,7.537578675
23012,Lokoja,KO,WHO,Kogi,Lokoja,North Central,6.439156459,8.493351771
6008,Yenegoa,BY,EHA_ABRAHAM,Bayelsa,Yenagoa,South South,6.553380966,5.189809799
10011,Ndokwa East,DE,WHO,Delta,Asaba,South South,6.719857216,5.99212122
33010,Emuoha,RI,WHO,Rivers,Port Harcourt,South South,6.848985195,5.249797821
23019,Omala,KO,WHO,Kogi,Lokoja,North Central,7.676837921,8.014471054
814,Zurmi,ZA,EHA-SAMUEL,Zamfara,Gusau,North West,6.687695734,13.13289399
33001,Abua/Odual,RI,WHO,Rivers,Port Harcourt,South South,6.669201851,4.905181885
808,Kaura Namoda,ZA,EHA-SAMUEL,Zamfara,Gusau,North West,6.647947881,12.65907742
23004,Bassa,KO,WHO,Kogi,Lokoja,North Central,7.445786953,8.04486084
33020,Opobo/Nkoro,RI,WHO,Rivers,Port Harcourt,South South,7.473252565,4.557516137
813,Tsafe,ZA,EHA-OLUSEYE,Zamfara,Gusau,North West,6.906260242,12.09082123
33023,Tai,RI,WHO,Rivers,Port Harcourt,South South,7.321207047,4.783119202
33008,Degema,RI,EHA-OLUSEYE,Rivers,Port Harcourt,South South,6.795415878,4.782156944
14007,Igbo-Etiti,EN,WHO,Enugu,Enugu,South East,7.543806553,6.631067276
27018,Munya,NI,NGA_TEAMGIS,Niger,Minna,North Central,7.008491547,10.04480499
23011,Kogi,KO,EHA-OLUSEYE,Kogi,Lokoja,North Central,6.951177597,8.346272469
23005,Dekina,KO,WHO,Kogi,Lokoja,North Central,7.483005047,7.507169247
413,Faskari,KT,EHA-OLUSEYE,Katsina,Katsina,North West,7.2744167,11.90094354
33022,Port-Harcourt,RI,WHO,Rivers,Port Harcourt,South South,7.076556206,4.813961983
11009,Ivo,EB,WHO,Ebonyi,Abakaliki,South East,7.707358748,5.933398698
15003,Gwagwalada,FC,EHA-OLUSEYE,"Fct, Abuja",Abuja,North Central,7.030075073,9.257713318
14002,Awgu,EN,WHO,Enugu,Enugu,South East,7.512400627,6.231348038
33018,Okrika,RI,WHO,Rivers,Port Harcourt,South South,7.175617218,4.735705853
407,Dandume,KT,EHA-SAMUEL,Katsina,Katsina,North West,7.147261532,11.57883127
403,Batsari,KT,EHA-SAMUEL,Katsina,Katsina,North West,7.270897928,13.00735888
416,Jibia,KT,EHA-SAMUEL,Katsina,Katsina,North West,7.598998728,13.10538496
33021,Oyigbo,RI,WHO,Rivers,Port Harcourt,South South,7.326064587,4.876126766
14011,Nkanu East,EN,WHO,Enugu,Enugu,South East,7.725004673,6.242600918
419,Kankara,KT,EHA-MICHAEL,Katsina,Katsina,North West,7.302458288,12.15258538
33019,Omumma,RI,WHO,Rivers,Port Harcourt,South South,7.271354198,5.103509903
14003,Enugu East,EN,WHO,Enugu,Enugu,South East,7.653496742,6.601598263
19016,Kudan,KD,eHA-Tosin,Kaduna,Kaduna,North West,7.767570827,11.37915283
412,Dutsin Ma,KT,EHA-OLUSEYE,Katsina,Katsina,North West,7.634489888,12.54880292
3011,Ika,AK,WHO,Akwa Ibom,Uyo,South South,7.617847919,5.046498775
14010,Isi-Uzo,EN,WHO,Enugu,Enugu,South East,7.88259697,6.858291626
401,Bakori,KT,EHA-OLUSEYE,Katsina,Katsina,North West,7.3075431,11.85213668
14012,Nkanu West,EN,WHO,Enugu,Enugu,South East,7.581467152,6.396860123
422,Kurfi,KT,EHA-OLUSEYE,Katsina,Katsina,North West,7.43556997,12.8601081
14015,Udenu,EN,WHO,Enugu,Enugu,South East,7.692279816,6.851824284
11008,Ishielu,EB,WHO,Ebonyi,Abakaliki,South East,7.847112063,6.443958895
408,Danja,KT,EHA-SAMUEL,Katsina,Katsina,North West,7.456294883,11.5443388
19010,Kaduna South,KD,EHA-TOSIN,Kaduna,Kaduna,North West,7.417047325,10.55787395
106,Chibok,BR,Oluseye.Abraham,Borno,Maiduguri,North East,12.82828254,10.9635499
425,Malumfashi,KT,EHA-MICHAEL,Katsina,Katsina,North West,7.730607808,12.04283444
20032,Rogo,KN,EHA-SAMUEL,Kano,Kano,North West,7.878935959,11.65435961
3022,Obot Akara,AK,WHO,Akwa Ibom,Uyo,South South,7.679695129,5.303296089
20034,Kiru,KN,EHA-SAMUEL,Kano,Kano,North West,8.195296391,11.79586125
402,Batagarawa,KT,EHA-SAMUEL,Katsina,Katsina,North West,7.714030698,13.02529362
14004,Enugu North,EN,WHO,Enugu,Enugu,South East,7.630680084,6.448190689
17008,Ikeduru,IM,GRID,Imo,Owerri,South East,7.175085377,5.492226693
19009,Kaduna North,KD,EHA-OLUSEYE,Kaduna,Kaduna,North West,7.460862706,10.61223909
19018,Makarfi,KD,EHA-OLUSEYE,Kaduna,Kaduna,North West,7.956417187,11.46663781
429,Musawa,KT,EHA-TOSIN,Katsina,Katsina,North West,7.830659669,12.26669807
3028,Ukanafun,AK,WHO,Akwa Ibom,Uyo,South South,7.743298054,4.980801105
14001,Aninri,EN,WHO,Enugu,Enugu,South East,7.668315411,6.060618877
11001,Abakaliki,EB,WHO,Ebonyi,Abakaliki,South East,8.285691771,6.256398826
417,Kafur,KT,EHA-MICHAEL,Katsina,Katsina,North West,7.765302378,11.8576773
31033,Surulere,OY,EHA_ABRAHAM,Oyo,Ibandan,South West,4.495918751,7.943399906
19012,Kajuru,KD,EHA-MICHAEL,Kaduna,Kaduna,North West,7.870751387,10.52558503
428,Matazu,KT,eHA-Tosin,Katsina,Katsina,North West,7.586095671,12.3479738
3026,Oruk Anam,AK,WHO,Akwa Ibom,Uyo,South South,7.794308186,4.888054848
3024,Onna,AK,WHO,Akwa Ibom,Uyo,South South,7.884891987,4.716220856
406,Charanchi,KT,EHA-OLUSEYE,Katsina,Katsina,North West,7.746943787,12.71592732
14016,Udi,EN,WHO,Enugu,Enugu,South East,7.28531599,6.669361591
20029,Tudun Wada,KN,EHA-SAMUEL,Kano,Kano,North West,8.767499999,11.4713
20044,Kumbotso,KN,EHA-SAMUEL,Kano,Kano,North West,8.455372268,11.9538794
430,Rimi,KT,EHA-SAMUEL,Katsina,Katsina,North West,7.824779008,13.08625233
3014,Ikot Ekpene,AK,WHO,Akwa Ibom,Uyo,South South,7.764188766,5.14925909
14014,Oji-River,EN,WHO,Enugu,Enugu,South East,7.245460987,6.275623322
420,Kankia,KT,EHA-OLUSEYE,Katsina,Katsina,North West,7.838943233,12.62095696
18019,Yankwashi,JI,eHA-Tosin,Jigawa,Dutse,North West,8.563190273,12.83413875
3015,Ini,AK,WHO,Akwa Ibom,Uyo,South South,7.876111984,5.368900776
11013,Onicha,EB,WHO,Ebonyi,Abakaliki,South East,7.889246155,6.059707539
31012,Ibarapa East,OY,EHA-OLUSEYE,Oyo,Ibandan,South West,3.588673098,7.681796157
3018,Mkpat Enin,AK,WHO,Akwa Ibom,Uyo,South South,7.807024956,4.877768993
3001,Abak,AK,WHO,Akwa Ibom,Uyo,South South,7.810515881,5.103460789
426,Mani,KT,EHA-MICHAEL,Katsina,Katsina,North West,7.943984729,12.92465322
3007,Etinan,AK,WHO,Akwa Ibom,Uyo,South South,7.882977009,4.793542862
3031,Uyo,AK,WHO,Akwa Ibom,Uyo,South South,7.843232155,5.04254818
427,Mashi,KT,eHA-Tosin,Katsina,Katsina,North West,8.066008233,13.28926133
20017,Gwarzo,KN,EHA-OLUSEYE,Kano,Kano,North West,7.904149244,11.97018455
3010,Ibiono Ibom,AK,WHO,Akwa Ibom,Uyo,South South,7.88037014,5.36679554
20041,Karaye,KN,EHA-OLUSEYE,Kano,Kano,North West,8.080407493,11.8596912
3009,Ibesikpo Asutan,AK,WHO,Akwa Ibom,Uyo,South South,7.993620872,4.968735218
11005,Ezza North,EB,WHO,Ebonyi,Abakaliki,South East,8.040032984,6.352239507
20013,Shanono,KN,EHA-SAMUEL,Kano,Kano,North West,7.880119714,12.22365038
27023,Suleja,NI,EHA_ABRAHAM,Niger,Minna,North Central,7.207512856,9.27450943
33014,Khana,RI,WHO,Rivers,Port Harcourt,South South,7.501562119,4.807817936
20008,Tsanyawa,KN,NGA_TEAMGIS,Kano,Kano,North West,8.114332477,12.38087755
3003,Eket,AK,WHO,Akwa Ibom,Uyo,South South,8.022169113,4.692512989
19007,Jema'A,KD,eHA-Tosin,Kaduna,Kaduna,North West,8.318807408,9.608167663
3027,Udung Uko,AK,WHO,Akwa Ibom,Uyo,South South,8.328660208,4.72037572
31006,Ibadan North,OY,EHA_ABRAHAM,Oyo,Ibandan,South West,3.901512312,7.384810596
19022,Zangon Kataf,KD,EHA-MICHAEL,Kaduna,Kaduna,North West,8.175706381,10.2258924
31007,Ibadan North East,OY,WHO,Oyo,Ibandan,South West,3.939458822,7.356919416
415,Ingawa,KT,EHA-OLUSEYE,Katsina,Katsina,North West,8.14162553,12.8110182
3030,Urue Offong/Oruko,AK,WHO,Akwa Ibom,Uyo,South South,8.21452713,4.780639172
20038,Bagwai,KN,EHA-MICHAEL,Kano,Kano,North West,8.15071431,12.19349696
3004,Esit Eket,AK,WHO,Akwa Ibom,Uyo,South South,8.09214592,4.690193176
20035,Kura,KN,EHA-TOSIN,Kano,Kano,North West,8.510597924,11.84354622
20026,Kabo,KN,EHA-SAMUEL,Kano,Kano,North West,8.134250502,11.99126011
31021,Ogbomosho North,OY,WHO,Oyo,Ibandan,South West,4.30703603,8.063975254
19020,Sanga,KD,EHA-MICHAEL,Kaduna,Kaduna,North West,8.5843109,9.493239646
433,Sandamu,KT,eHA-Tosin,Katsina,Katsina,North West,8.418879732,13.02646893
3005,Essien Udim,AK,WHO,Akwa Ibom,Uyo,South South,7.65090704,5.181818008
3002,Eastern Obolo,AK,EHA-SAMUEL,Akwa Ibom,Uyo,South South,7.819071758,4.5402501
404,Baure,KT,EHA-OLUSEYE,Katsina,Katsina,North West,8.95519395,12.85562304
20031,Bichi,KN,EHA-OLUSEYE,Kano,Kano,North West,8.185300627,12.35768912
20001,Tarauni,KN,EHA-SAMUEL,Kano,Kano,North West,8.54260612,11.98681307
20042,Kunchi,KN,EHA-OLUSEYE,Kano,Kano,North West,8.299041274,12.52953443
20003,Garun Malam,KN,EHA-OLUSEYE,Kano,Kano,North West,8.406911199,11.74723792
23007,Idah,KO,WHO,Kogi,Lokoja,North Central,6.732390404,7.039344788
20005,Rimin Gado,KN,EHA-OLUSEYE,Kano,Kano,North West,8.295643043,12.02795764
710,Karasuwa,YO,EHA-OLUSEYE,Yobe,Damaturu,North East,10.92959995,13.10161464
31015,Irepo,OY,WHO,Oyo,Ibandan,South West,4.210460186,8.970032692
20021,Dawakin Tofa,KN,EHA-SAMUEL,Kano,Kano,North West,8.515785783,12.2628552
20015,Tofa,KN,EHA-OLUSEYE,Kano,Kano,North West,8.267255762,12.11001507
20025,Bebeji,KN,EHA-SAMUEL,Kano,Kano,North West,8.297177099,11.72098299
31027,Orelope,OY,WHO,Oyo,Ibandan,South West,3.977229118,8.87553978
20036,Madobi,KN,EHA-SAMUEL,Kano,Kano,North West,8.404245999,11.90640433
434,Zango,KT,EHA-TOSIN,Katsina,Katsina,North West,8.516387939,13.08361053
14005,Enugu South,EN,WHO,Enugu,Enugu,South East,7.581467152,6.396860123
19017,Lere,KD,EHA-TOSIN,Kaduna,Kaduna,North West,8.432590147,10.73115712
31022,Ogbomosho South,OY,WHO,Oyo,Ibandan,South West,4.273138645,8.088983881
20039,Makoda,KN,EHA-OLUSEYE,Kano,Kano,North West,8.494372266,12.59710498
20040,Minjibir,KN,EHA-SAMUEL,Kano,Kano,North West,8.704367831,12.26560067
18025,Kiyawa,JI,EHA-MICHAEL,Jigawa,Dutse,North West,9.600542957,11.93084953
20023,Dambatta,KN,EHA-OLUSEYE,Kano,Kano,North West,8.645744573,12.55982692
3008,Ibeno,AK,EHA-SAMUEL,Akwa Ibom,Uyo,South South,8.215585384,4.604041311
30018,Ilesha East,OS,GRID,Osun,Oshogbo,South West,4.708309543,7.587335959
20014,Rano,KN,EHA-SAMUEL,Kano,Kano,North West,8.649111876,11.63708255
20024,Dala,KN,EHA-OLUSEYE,Kano,Kano,North West,8.469386442,12.05930039
18014,Miga,JI,EHA-SAMUEL,Jigawa,Dutse,North West,9.67216724,12.33360539
20028,Bunkure,KN,EHA-OLUSEYE,Kano,Kano,North West,8.58242233,11.76634315
18022,Birnin Kudu,JI,EHA_ABRAHAM,Jigawa,Dutse,North West,9.661440849,11.68099976
20012,Gwale,KN,EHA-OLUSEYE,Kano,Kano,North West,8.470387646,12.02290924
20030,Fagge,KN,EHA-SAMUEL,Kano,Kano,North West,8.512175055,12.07191007
17003,Ehime -Mbano,IM,GRID,Imo,Owerri,South East,7.334750757,5.652350485
20020,Doguwa,KN,EHA-SAMUEL,Kano,Kano,North West,8.629322804,11.22368904
23013,Mopa-Muro,KO,WHO,Kogi,Lokoja,North Central,6.087030411,8.354029655
20043,Kano Municipal,KN,EHA-SAMUEL,Kano,Kano,North West,8.521157572,12.01183794
20019,Warawa,KN,EHA-SAMUEL,Kano,Kano,North West,8.715235839,11.98254702
20022,Dawakin Kudu,KN,EHA-SAMUEL,Kano,Kano,North West,8.673060365,11.93707201
18027,Kafin Hausa,JI,EHA-OLUSEYE,Jigawa,Dutse,North West,10.10619439,12.38271326
10015,Oshimili South,DE,WHO,Delta,Asaba,South South,6.762889385,6.185385704
20033,Kibiya,KN,EHA-OLUSEYE,Kano,Kano,North West,8.692580764,11.62923492
10014,Oshimili North,DE,WHO,Delta,Asaba,South South,6.725022316,6.265763283
20037,Nassarawa,KN,EHA-SAMUEL,Kano,Kano,North West,8.548754739,12.05329043
20010,Gezawa,KN,EHA-SAMUEL,Kano,Kano,North West,8.758932468,12.16230719
31028,Ori Ire,OY,EHA_ABRAHAM,Oyo,Ibandan,South West,4.348138809,8.391195297
20006,Garko,KN,EHA-OLUSEYE,Kano,Kano,North West,8.868852933,11.72749727
5007,Gamawa,BA,EHA-OLUSEYE,Bauchi,Bauchi,North East,10.76609199,12.36024177
20002,Takai,KN,EHA_ABRAHAM,Kano,Kano,North West,9.140947229,11.65264549
20027,Wudil,KN,EHA-OLUSEYE,Kano,Kano,North West,8.89707877,11.90533245
20007,Gaya,KN,EHA-OLUSEYE,Kano,Kano,North West,8.979753773,11.93308997
20009,Albasu,KN,EHA-SAMUEL,Kano,Kano,North West,9.002173448,11.73786114
33009,Eleme,RI,WHO,Rivers,Port Harcourt,South South,7.181752205,4.838303089
18023,Maigatari,JI,EHA-SAMUEL,Jigawa,Dutse,North West,9.700557638,12.80260708
18012,Dutse,JI,EHA-MICHAEL,Jigawa,Dutse,North West,9.334441518,12.03290002
18006,Gumel,JI,EHA-TOSIN,Jigawa,Dutse,North West,9.438911955,12.70580416
25017,Shomolu,LA,EHA-OLUSEYE,Lagos,Lagos,South West,3.371594015,6.531968591
18026,Jahun,JI,EHA-OLUSEYE,Jigawa,Dutse,North West,9.55072947,12.19156878
30006,Boripe,OS,GRID,Osun,Oshogbo,South West,4.593114368,7.801595804
35006,Ibi,TA,EHA-OLUSEYE,Taraba,Jalingo,North East,10.27624607,8.767928123
2004,Girei,AD,Abraham.Oluseye,Adamawa,Yola,North East,12.57504883,9.584002828
5006,Dass,BA,EHA-MICHAEL,Bauchi,Bauchi,North East,9.432255091,10.14821756
29005,Akure North,ON,EHA-OLUSEYE,Ondo,Akure,South West,5.322216511,7.43576479
112,Hawul,BR,Oluseye.Abraham,Borno,Maiduguri,North East,12.02706455,10.66012345
5008,Ganjuwa,BA,Abraham.Oluseye,Bauchi,Bauchi,North East,10.28523812,11.10413494
19019,Sabon Gari,KD,EHA-OLUSEYE,Kaduna,Kaduna,North West,7.725325828,11.24621887
18001,Kaugama,JI,EHA-OLUSEYE,Jigawa,Dutse,North West,9.711651194,12.81391376
27012,Lapai,NI,EHA_ABRAHAM,Niger,Minna,North Central,6.780033095,8.586400301
5011,Jama'are,BA,EHA-OLUSEYE,Bauchi,Bauchi,North East,9.980032201,11.74156839
12004,Esan Central,ED,EHA-OLUSEYE,Edo,Benin City,South South,6.266205788,6.794864178
12002,Egor,ED,WHO,Edo,Benin City,South South,5.644565105,6.370501995
5016,Shira,BA,EHA-MICHAEL,Bauchi,Bauchi,North East,10.08769876,11.66928787
33004,Akuku Toru,RI,EHA-OLUSEYE,Rivers,Port Harcourt,South South,6.629915237,4.758759975
35005,Gassol,TA,EHA-OLUSEYE,Taraba,Jalingo,North East,10.91117071,8.813515856
24004,Ekiti,KW,WHO,Kwara,Ilorin,North Central,5.497963905,8.110664368
6003,Kolokuma/Opokuma,BY,EHA-OLUSEYE,Bayelsa,Yenagoa,South South,6.388543129,5.193649769
18007,Kiri Kasama,JI,EHA-OLUSEYE,Jigawa,Dutse,North West,10.360173,12.7444593
14017,Uzo-Uwani,EN,WHO,Enugu,Enugu,South East,7.332398891,6.724825859
5009,Giade,BA,EHA-OLUSEYE,Bauchi,Bauchi,North East,10.34572882,11.60880338
33002,Ahoada East,RI,WHO,Rivers,Port Harcourt,South South,6.669201851,4.905181885
717,Yusufari,YO,EHA-OLUSEYE,Yobe,Damaturu,North East,10.9066658,13.37249947
709,Jakusko,YO,EHA-OLUSEYE,Yobe,Damaturu,North East,11.0107257,12.84760062
15002,Bwari,FC,EHA-ABRAHAM,"Fct, Abuja",Abuja,North Central,7.692970025,9.349402783
12007,Etsako Central,ED,EHA-OLUSEYE,Edo,Benin City,South South,6.414650917,7.166707993
27025,Wushishi,NI,EHA_ABRAHAM,Niger,Minna,North Central,6.000759893,9.780553613
27006,Chanchaga,NI,EHA_ABRAHAM,Niger,Minna,North Central,6.530902758,9.654097232
27013,Lavun,NI,EHA_ABRAHAM,Niger,Minna,North Central,5.503528178,9.747908447
33012,Gokana,RI,WHO,Rivers,Port Harcourt,South South,7.299116163,4.556634909
27008,Gbako,NI,EHA_ABRAHAM,Niger,Minna,North Central,6.147904396,9.565972328
27017,Mokwa,NI,EHA_ABRAHAM,Niger,Minna,North Central,4.760225296,9.547200203
24006,Ilorin East,KW,EHA_ABRAHAM,Kwara,Ilorin,North Central,4.692646503,8.53030014
615,Silame,SO,EHA_ABRAHAM,Sokoto,Sokoto,North West,4.860085082,13.1164345
24014,Oke Ero,KW,WHO,Kwara,Ilorin,North Central,5.45753336,8.206403732
24015,Oyun,KW,EHA_ABRAHAM,Kwara,Ilorin,North Central,4.737548828,8.230746269
10025,Warri South-West,DE,EHA-MICHAEL,Delta,Asaba,South South,5.510555267,5.596110344
802,Bakura,ZA,EHA_ABRAHAM,Zamfara,Gusau,North West,5.688884639,12.8565504
12005,Esan South-East,ED,EHA_ABRAHAM,Edo,Benin City,South South,6.540071964,6.79283905
23006,Ibaji,KO,EHA_ABRAHAM,Kogi,Lokoja,North Central,6.835658073,7.017067909
3017,Mbo,AK,WHO,Akwa Ibom,Uyo,South South,8.328660208,4.72037572
35011,Sardauna,TA,EHA_ABRAHAM,Taraba,Jalingo,North East,11.12836647,7.31663847
24001,Asa,KW,EHA_ABRAHAM,Kwara,Ilorin,North Central,4.234586175,8.80473021
15006,Municipal Area Council,FC,EHA_ABRAHAM,"Fct, Abuja",Abuja,North Central,7.479699504,9.112043155
19021,Soba,KD,EHA-OLUSEYE,Kaduna,Kaduna,North West,7.990522178,11.231916
24005,Ifelodun,KW,EHA_ABRAHAM,Kwara,Ilorin,North Central,4.993227482,8.836270332
610,Kebbe,SO,EHA_ABRAHAM,Sokoto,Sokoto,North West,4.861730544,12.15964644
613,Sabon Birni,SO,EHA-TOSIN,Sokoto,Sokoto,North West,6.044314737,13.69241399
504,Augie,KB,EHA_ABRAHAM,Kebbi,Birnin Kebbi,North West,4.554715234,13.11144451
24012,Moro,KW,EHA_ABRAHAM,Kwara,Ilorin,North Central,4.889473438,9.136140823
20004,Ajingi,KN,EHA_ABRAHAM,Kano,Kano,North West,9.223964879,12.02623167
806,Gummi,ZA,EHA_ABRAHAM,Zamfara,Gusau,North West,5.316619873,12.32819425
30024,Obokun,OS,GRID,Osun,Oshogbo,South West,4.769705695,7.732938422
809,Maradun,ZA,EHA_ABRAHAM,Zamfara,Gusau,North West,6.219635664,13.0152405
33015,Obio/Akpor,RI,WHO,Rivers,Port Harcourt,South South,7.03943491,4.934809208
35003,Donga,TA,EHA_ABRAHAM,Taraba,Jalingo,North East,10.30207855,8.027414453
2009,Lamurde,AD,Oluseye.Abraham,Adamawa,Yola,North East,11.80717754,9.70050621
18021,Biriniwa,JI,EHA_ABRAHAM,Jigawa,Dutse,North West,10.22558111,13.0102
18020,Ringim,JI,EHA_ABRAHAM,Jigawa,Dutse,North West,9.145609148,12.32563302
711,Machina,YO,EHA_ABRAHAM,Yobe,Damaturu,North East,10.21393097,13.11545502
512,Kalgo,KB,EHA-TOSIN,Kebbi,Birnin Kebbi,North West,4.054043038,12.55620587
507,Bunza,KB,EHA-TOSIN,Kebbi,Birnin Kebbi,North West,3.92031436,12.40579065
5001,Alkaleri,BA,EHA_ABRAHAM,Bauchi,Bauchi,North East,10.35734286,10.28227898
5015,Ningi,BA,EHA-OLUSEYE,Bauchi,Bauchi,North East,9.297703329,11.33820637
804,Bukkuyum,ZA,Oluseye.Abraham,Zamfara,Gusau,North West,5.461995948,12.2779949
35004,Gashaka,TA,Oluseye.Abraham,Taraba,Jalingo,North East,11.34613514,8.01522541
17001,Aboh-Mbaise,IM,GRID,Imo,Owerri,South East,7.30015497,5.341230621
5013,Kirfi,BA,EHA-MICHAEL,Bauchi,Bauchi,North East,10.49722571,10.68701525
5003,Bogoro,BA,EHA-MICHAEL,Bauchi,Bauchi,North East,9.535267047,9.752333235
605,Goronyo,SO,EHA-OLUSEYE,Sokoto,Sokoto,North West,5.650899999,13.6119
5019,Warji,BA,EHA-MICHAEL,Bauchi,Bauchi,North East,9.825518812,11.27799509
622,Wurno,SO,EHA-TOSIN,Sokoto,Sokoto,North West,5.522135963,13.31090074
612,Rabah,SO,NGA_TEAMGIS,Sokoto,Sokoto,North West,5.705350112,13.1853354
606,Gudu,SO,EHA-TOSIN,Sokoto,Sokoto,North West,4.701197889,13.2849751
714,Potiskum,YO,Oluseye.Abraham,Yobe,Damaturu,North East,11.23967349,11.78411694
705,Fune,YO,Abraham.Oluseye,Yobe,Damaturu,North East,11.41249209,12.25108819
2008,Jada,AD,Oluseye.Abraham,Adamawa,Yola,North East,12.88104684,8.845536133
3025,Oron,AK,WHO,Akwa Ibom,Uyo,South South,8.236966133,4.852046013
31026,Ona ara,OY,NGA_TEAMGIS,Oyo,Ibandan,South West,4.1288867,7.31058979
716,Yunusari,YO,Abraham.Oluseye,Yobe,Damaturu,North East,11.46333313,13.37333298
3029,Uruan,AK,WHO,Akwa Ibom,Uyo,South South,8.183854463,4.965399191
3023,Okobo,AK,WHO,Akwa Ibom,Uyo,South South,8.257434676,4.87888265
30008,Ede South,OS,GRID,Osun,Oshogbo,South West,4.563606386,7.668369912
35010,Lau,TA,Oluseye.Abraham,Taraba,Jalingo,North East,11.53069396,9.326079955
35015,Yorro,TA,Oluseye.Abraham,Taraba,Jalingo,North East,11.6984663,9.143839836
17017,Oguta,IM,GRID,Imo,Owerri,South East,6.849526697,5.763453833
35008,Karim Lamido,TA,Oluseye.Abraham,Taraba,Jalingo,North East,11.02739811,9.549074173
27020,Rafi,NI,EHA-OLUSEYE,Niger,Minna,North Central,6.513826847,10.60544872
17011,Mbatoli,IM,GRID,Imo,Owerri,South East,6.973629521,5.550776277
35002,Bali,TA,Oluseye.Abraham,Taraba,Jalingo,North East,11.38573402,8.693753283
2003,Ganye,AD,Oluseye.Abraham,Adamawa,Yola,North East,11.91063083,8.64746834
2005,Gombi,AD,Oluseye.Abraham,Adamawa,Yola,North East,12.58796958,10.49102265
712,Nangere,YO,Oluseye.Abraham,Yobe,Damaturu,North East,10.97611505,12.00368738
17024,Owerri Municipal,IM,GRID,Imo,Owerri,South East,7.049307133,5.482549134
2019,Toungo,AD,Oluseye.Abraham,Adamawa,Yola,North East,11.73680671,8.368991282
2013,Michika,AD,Oluseye.Abraham,Adamawa,Yola,North East,13.34764395,10.72013315
2002,Fufore,AD,Abraham.Oluseye,Adamawa,Yola,North East,12.94467076,9.696764731
9008,Calabar Municipal,CR,GRID,Cross River,Calabar,South South,8.301603549,4.987117525
12018,Uhunmwonde,ED,EHA-OLUSEYE,Edo,Benin City,South South,5.869912148,6.798501968
35013,Ussa,TA,EHA_ABRAHAM,Taraba,Jalingo,North East,10.18598749,7.253998917
17026,Owerri West,IM,GRID,Imo,Owerri,South East,6.999846809,5.44219068
12014,Ovia North-East,ED,WHO,Edo,Benin City,South South,5.537059784,6.884796619
19014,Kauru,KD,EHA-OLUSEYE,Kaduna,Kaduna,North West,7.951844129,10.69458202
19015,Kubau,KD,EHA-OLUSEYE,Kaduna,Kaduna,North West,8.320448532,11.18157567
7008,Gwer West,BE,GRID,Benue,Makurdi,North Central,8.210481117,7.44134981
35012,Takum,TA,EHA_ABRAHAM,Taraba,Jalingo,North East,9.931287766,7.60304594
5004,Dambam,BA,Oluseye.Abraham,Bauchi,Bauchi,North East,10.90801218,11.82130654
5020,Zaki,BA,EHA-MICHAEL,Bauchi,Bauchi,North East,10.65128464,12.5293524
5010,Itas/Gadau,BA,EHA-MICHAEL,Bauchi,Bauchi,North East,10.20408072,12.0786188
5014,Misau,BA,EHA-OLUSEYE,Bauchi,Bauchi,North East,10.64350345,11.55449438
9010,Etung,CR,GRID,Cross River,Calabar,South South,8.574395668,5.642699414
18018,Buji,JI,EHA-MICHAEL,Jigawa,Dutse,North West,9.784254336,11.72390087
2020,Yola North,AD,Oluseye.Abraham,Adamawa,Yola,North East,12.44851351,9.287537206
13004,Ekiti South-West,EK,GRID,Ekiti,Ado,South West,5.075525656,7.540501427
5012,Katagum,BA,EHA-MICHAEL,Bauchi,Bauchi,North East,10.42952832,11.82660175
5018,Toro,BA,EHA-OLUSEYE,Bauchi,Bauchi,North East,8.957131501,10.80650673
19003,Giwa,KD,EHA-OLUSEYE,Kaduna,Kaduna,North West,7.472503996,11.37601575
27009,Gurara,NI,EHA_ABRAHAM,Niger,Minna,North Central,7.218982277,9.492680104
19023,Zaria,KD,EHA-TOSIN,Kaduna,Kaduna,North West,7.774550784,11.13298319
5017,Tafawa-Balewa,BA,EHA-MICHAEL,Bauchi,Bauchi,North East,9.617122485,10.16256664
5002,Bauchi,BA,Abraham.Oluseye,Bauchi,Bauchi,North East,9.673994785,10.60086289
501,Aleiro,KB,EHA-SAMUEL,Kebbi,Birnin Kebbi,North West,4.435246624,12.40869193
702,Bursari,YO,EHA-SAMUEL,Yobe,Damaturu,North East,11.53103263,12.99990979
15001,Abaji,FC,EHA-OLUSEYE,"Fct, Abuja",Abuja,North Central,7.0254035,9.24790287
601,Binji,SO,EHA-TOSIN,Sokoto,Sokoto,North West,4.854426045,13.33354205
621,Wamakko,SO,EHA-OLUSEYE,Sokoto,Sokoto,North West,5.149686957,13.24285483
19011,Kagarko,KD,EHA-OLUSEYE,Kaduna,Kaduna,North West,7.865592871,9.677663186
27001,Agaie,NI,EHA_ABRAHAM,Niger,Minna,North Central,6.484598637,9.244264603
620,Tureta,SO,Oluseye.Abraham,Sokoto,Sokoto,North West,5.57650558,12.67930244
35016,Zing,TA,Oluseye.Abraham,Taraba,Jalingo,North East,11.73238563,8.682909012
27014,Magama,NI,EHA_ABRAHAM,Niger,Minna,North Central,5.237882681,10.70956997
11004,Ebonyi,EB,WHO,Ebonyi,Abakaliki,South East,8.127036378,6.349108479
19008,Kachia,KD,eHA-Tosin,Kaduna,Kaduna,North West,7.598341652,10.10020503
11012,Ohaukwu,EB,WHO,Ebonyi,Abakaliki,South East,8.025210381,6.714302063
27016,Mashegu,NI,EHA_ABRAHAM,Niger,Minna,North Central,5.313928604,10.2461462
604,Gada,SO,EHA-SAMUEL,Sokoto,Sokoto,North West,5.767561779,13.78546157
27022,Shiroro,NI,EHA-OLUSEYE,Niger,Minna,North Central,6.765357494,10.64364052
27005,Bosso,NI,EHA_ABRAHAM,Niger,Minna,North Central,6.609087944,9.758201599
11007,Ikwo,EB,WHO,Ebonyi,Abakaliki,South East,8.36233902,6.176262379
27019,Paikoro,NI,EHA-OLUSEYE,Niger,Minna,North Central,7.214709759,9.748949051
103,Bama,BR,EHA-SAMUEL,Borno,Maiduguri,North East,14.26498781,11.78649225
516,Sakaba,KB,EHA-TOSIN,Kebbi,Birnin Kebbi,North West,5.38190003,11.4045414
521,Zuru,KB,EHA-OLUSEYE,Kebbi,Birnin Kebbi,North West,5.469035147,11.66519901
27021,Rijau,NI,EHA_ABRAHAM,Niger,Minna,North Central,4.935756771,11.36634613
105,Biu,BR,Abraham.Oluseye,Borno,Maiduguri,North East,12.15308488,11.11953763
708,Gulani,YO,Abraham.Oluseye,Yobe,Damaturu,North East,11.72027409,11.20903917
31024,Olorunsogo,OY,EHA-OLUSEYE,Oyo,Ibandan,South West,4.334852219,8.980800629
124,Maiduguri,BR,Oluseye.Abraham,Borno,Maiduguri,North East,13.1113298,11.8865442
31032,Saki West,OY,WHO,Oyo,Ibandan,South West,3.532136584,8.585904094
31031,Saki East,OY,WHO,Oyo,Ibandan,South West,3.874278636,8.555566758
31018,Iwajowa,OY,WHO,Oyo,Ibandan,South West,3.261380527,8.092625925
31025,Oluyole,OY,WHO,Oyo,Ibandan,South West,3.998963495,7.126570829
31008,Ibadan North West,OY,WHO,Oyo,Ibandan,South West,3.896503283,7.380866335
31005,Egbeda,OY,WHO,Oyo,Ibandan,South West,4.134980679,7.36374855
31030,Oyo West,OY,EHA-OLUSEYE,Oyo,Ibandan,South West,3.936362997,7.828680628
31029,Oyo East,OY,WHO,Oyo,Ibandan,South West,4.087938637,7.9421725
127,Shani,BR,Oluseye.Abraham,Borno,Maiduguri,North East,12.25715292,10.35977755
31003,Atiba,OY,WHO,Oyo,Ibandan,South West,3.833416069,8.194149316
31011,Ibarapa Central,OY,WHO,Oyo,Ibandan,South West,3.388261094,7.45483045
31016,Iseyin,OY,EHA-OLUSEYE,Oyo,Ibandan,South West,3.687716296,8.405640959
118,Kwaya Kusar,BR,EHA-SAMUEL,Borno,Maiduguri,North East,11.83904275,10.66492123
31019,Kajola,OY,EHA-OLUSEYE,Oyo,Ibandan,South West,3.384768713,7.863815748
31013,Ibarapa North,OY,EHA-OLUSEYE,Oyo,Ibandan,South West,3.144385379,7.850050388
31017,Itesiwaju,OY,EHA-OLUSEYE,Oyo,Ibandan,South West,3.62950798,8.302296314
31004,Atisbo,OY,WHO,Oyo,Ibandan,South West,3.810453537,8.546600336
2006,Guyuk,AD,Oluseye.Abraham,Adamawa,Yola,North East,11.99121687,10.03531354
2017,Shelleng,AD,Oluseye.Abraham,Adamawa,Yola,North East,12.21273201,10.28077955
7021,Ukum,BE,GRID,Benue,Makurdi,North Central,9.831608679,7.22761802
2001,Demsa,AD,abraham.oluseye,Adamawa,Yola,North East,12.22725033,9.655853703
2014,Mubi North,AD,Oluseye.Abraham,Adamawa,Yola,North East,13.34390528,10.51796526
2012,Mayo-Belwa,AD,Oluseye.Abraham,Adamawa,Yola,North East,12.14547787,9.240169268
2015,Mubi South,AD,Oluseye.Abraham,Adamawa,Yola,North East,13.3112274,10.28537498
25013,Kosofe,LA,NGA_TEAMGIS,Lagos,Lagos,South West,3.382838833,6.61295666
2007,Hong,AD,Oluseye.Abraham,Adamawa,Yola,North East,12.78855228,10.57714271
2010,Madagali,AD,Oluseye.Abraham,Adamawa,Yola,North East,13.58546628,10.94946098
2011,Maiha,AD,Oluseye.Abraham,Adamawa,Yola,North East,13.19180538,10.12100669
2018,Song,AD,Oluseye.Abraham,Adamawa,Yola,North East,12.78197491,10.08874875
18008,Gwaram,JI,EHA-MICHAEL,Jigawa,Dutse,North West,9.863461714,11.4605263
2016,Numan,AD,Oluseye.Abraham,Adamawa,Yola,North East,12.0709388,9.626094135
2021,Yola South,AD,abraham.oluseye,Adamawa,Yola,North East,12.3193016,9.438206673
7003,Apa,BE,GRID,Benue,Makurdi,North Central,7.804049373,7.415688859
5005,Darazo,BA,EHA-OLUSEYE,Bauchi,Bauchi,North East,10.87565421,11.4522471
17002,Ahiazu-Mbaise,IM,GRID,Imo,Owerri,South East,7.202930923,5.513211118
7012,Logo,BE,GRID,Benue,Makurdi,North Central,9.495625551,7.570198543
30016,Ifelodun,OS,GRID,Osun,Oshogbo,South West,4.604034761,7.88774187
17009,Isiala Mbano,IM,GRID,Imo,Owerri,South East,7.223504091,5.622207969
30025,Odo Otin,OS,GRID,Osun,Oshogbo,South West,4.700816227,8.00688432
9016,Ogoja,CR,GRID,Cross River,Calabar,South South,8.919382745,6.52616737
9002,Akamkpa,CR,GRID,Cross River,Calabar,South South,8.826062349,5.19668349
7001,Ado,BE,GRID,Benue,Makurdi,North Central,7.975701577,6.712410001
30009,Egbedore,OS,GRID,Osun,Oshogbo,South West,4.477162057,7.743253536
17016,Obowo,IM,GRID,Imo,Owerri,South East,7.129805857,5.483247115
17025,Owerri North,IM,GRID,Imo,Owerri,South East,7.04150084,5.450942547
7013,Makurdi,BE,GRID,Benue,Makurdi,North Central,8.693264768,7.753142857
9009,Calabar South,CR,GRID,Cross River,Calabar,South South,8.307808533,4.818596522
30011,Ife Central,OS,GRID,Osun,Oshogbo,South West,4.563419813,7.481608153
7009,Katsina-Ala,BE,GRID,Benue,Makurdi,North Central,9.316120778,7.047910645
30001,Ayedade,OS,GRID,Osun,Oshogbo,South West,4.081502616,7.201085252
9017,Yakurr,CR,GRID,Cross River,Calabar,South South,8.241880852,5.892811376
30007,Ede North,OS,GRID,Osun,Oshogbo,South West,4.539893428,7.657129933
17014,Nkwerre,IM,GRID,Imo,Owerri,South East,7.120646002,5.740142628
17023,Oru West,IM,GRID,Imo,Owerri,South East,6.915669389,5.749182865
9007,Boki,CR,GRID,Cross River,Calabar,South South,8.991571122,5.934950435
9011,Ikom,CR,GRID,Cross River,Calabar,South South,8.787847384,6.001294186
7019,Oturkpo,BE,GRID,Benue,Makurdi,North Central,7.939220917,7.061798187
7002,Agatu,BE,GRID,Benue,Makurdi,North Central,8.238116329,7.826932786
30004,Atakunmosa West,OS,GRID,Osun,Oshogbo,South West,4.703222254,7.521707663
30028,Oriade,OS,GRID,Osun,Oshogbo,South West,4.844862304,7.375388281
17015,Nwangele,IM,GRID,Imo,Owerri,South East,7.15646399,5.714113487
17022,Oru East,IM,GRID,Imo,Owerri,South East,6.97159354,5.745174539
7022,Ushongo,BE,GRID,Benue,Makurdi,North Central,8.97669075,6.960110025
30021,Irewole,OS,GRID,Osun,Oshogbo,South West,4.249217805,7.341335638
17012,Ngor-Okpala,IM,GRID,Imo,Owerri,South East,7.278185332,5.274221947
30015,Ifedayo,OS,GRID,Osun,Oshogbo,South West,4.94627908,7.901821934
7005,Gboko,BE,GRID,Benue,Makurdi,North Central,8.733458568,7.178889867
17004,Ezinihitte,IM,GRID,Imo,Owerri,South East,7.321686809,5.402453323
30005,Boluwaduro,OS,GRID,Osun,Oshogbo,South West,4.770725989,7.862333828
9013,Obubra,CR,GRID,Cross River,Calabar,South South,8.487481713,6.037172651
30022,Isokan,OS,GRID,Osun,Oshogbo,South West,4.249217805,7.341335638
17013,Njaba,IM,GRID,Imo,Owerri,South East,6.999910267,5.683275547
7014,Obi,BE,GRID,Benue,Makurdi,North Central,8.403315047,6.977395675
30014,Ife South,OS,GRID,Osun,Oshogbo,South West,4.537518396,7.022688826
7004,Buruku,BE,GRID,Benue,Makurdi,North Central,9.246346972,7.243282581
30030,Osogbo,OS,GRID,Osun,Oshogbo,South West,4.261442958,7.283399573
17007,Ihitte/Uboma,IM,GRID,Imo,Owerri,South East,7.43041845,5.614432421
30002,Ayedire,OS,GRID,Osun,Oshogbo,South West,4.306103934,7.591602447
17020,Orlu,IM,GRID,Imo,Owerri,South East,7.069234651,5.74988042
7020,Tarka,BE,GRID,Benue,Makurdi,North Central,8.898562431,7.690912033
30023,Iwo,OS,GRID,Osun,Oshogbo,South West,4.683547878,7.952640324
17010,Isu,IM,GRID,Imo,Owerri,South East,7.025136646,5.65233119
7015,Ogbadibo,BE,GRID,Benue,Makurdi,North Central,7.661678929,6.865325858
30017,Ila,OS,GRID,Osun,Oshogbo,South West,4.921879232,7.861858931
7007,Gwer East,BE,GRID,Benue,Makurdi,North Central,8.492010544,7.210239589
17006,Ideato South,IM,GRID,Imo,Owerri,South East,7.159562035,5.750799588
30003,Atakunmosa East,OS,GRID,Osun,Oshogbo,South West,4.73561958,7.279267189
17018,Ohaji/Egbema,IM,GRID,Imo,Owerri,South East,6.982314963,5.341690961
9003,Akpabuyo,CR,GRID,Cross River,Calabar,South South,8.343891188,4.74669435
7011,Kwande,BE,GRID,Benue,Makurdi,North Central,9.357876778,6.642769814
9014,Obudu,CR,GRID,Cross River,Calabar,South South,9.022545815,6.655412197
7023,Vandeikya,BE,GRID,Benue,Makurdi,North Central,9.131966912,6.677440132
9005,Bekwarra,CR,GRID,Cross River,Calabar,South South,8.854455401,6.57046588
30027,Olorunda,OS,GRID,Osun,Oshogbo,South West,4.564019135,7.781330634
9018,Yala,CR,GRID,Cross River,Calabar,South South,8.456825256,6.42674601
7017,Oju,BE,GRID,Benue,Makurdi,North Central,8.282802185,6.693612149
7010,Konshisha,BE,GRID,Benue,Makurdi,North Central,8.629331589,6.862483025
9012,Obanliku,CR,GRID,Cross River,Calabar,South South,9.193312856,6.509837925
30029,Orolu,OS,GRID,Osun,Oshogbo,South West,4.488870836,7.900565462
30020,Irepodun,OS,WHO,Osun,Oshogbo,South West,4.523242715,7.887693761
32005,Jos North,PL,GRID,Plateau,Jos,North Central,8.974254228,9.939820554
32004,Jos East,PL,GRID,Plateau,Jos,North Central,8.969094276,9.960017204
7016,Ohimini,BE,GRID,Benue,Makurdi,North Central,8.094030477,7.244026191
32002,Bassa,PL,GRID,Plateau,Jos,North Central,8.700769697,10.22204276
32001,Barkin Ladi,PL,GRID,Plateau,Jos,North Central,8.890836716,9.693995476
32007,Kanam,PL,GRID,Plateau,Jos,North Central,9.854933971,9.603130806
32010,Langtang South,PL,GRID,Plateau,Jos,North Central,9.659378583,8.574259052
32003,Bokkos,PL,GRID,Plateau,Jos,North Central,8.767849475,9.273355411
32015,Riyom,PL,GRID,Plateau,Jos,North Central,8.574190979,9.64840948
1015,Umu-Nneochi,AB,GRID,Abia,Umuahia,South East,7.39031775,5.882975452
715,Tarmuwa,YO,Abraham.Oluseye,Yobe,Damaturu,North East,11.72713702,12.51271268
32017,Wase,PL,GRID,Plateau,Jos,North Central,9.931223669,9.150093035
32012,Mikang,PL,GRID,Plateau,Jos,North Central,9.738568489,9.032803383
32008,Kanke,PL,GRID,Plateau,Jos,North Central,9.548303972,9.368395548
32009,Langtang North,PL,GRID,Plateau,Jos,North Central,9.699915945,9.18054403
13002,Efon,EK,GRID,Ekiti,Ado,South West,4.888126865,7.692983631
32006,Jos South,PL,GRID,Plateau,Jos,North Central,8.880113323,9.675901955
18017,Malam Madori,JI,EHA-OLUSEYE,Jigawa,Dutse,North West,10.18838107,12.69538705
18013,Auyo,JI,EHA-OLUSEYE,Jigawa,Dutse,North West,10.03080789,12.44048824
32013,Pankshin,PL,GRID,Plateau,Jos,North Central,9.322808098,9.37979265
18011,Hadejia,JI,EHA-OLUSEYE,Jigawa,Dutse,North West,10.06633866,12.50028386
18005,Guri,JI,EHA-OLUSEYE,Jigawa,Dutse,North West,10.47194733,12.79355975
701,Bade,YO,EHA-SAMUEL,Yobe,Damaturu,North East,11.07832538,12.87795279
18024,Garki,JI,EHA-OLUSEYE,Jigawa,Dutse,North West,9.008891935,12.58667952
18002,Taura,JI,EHA-OLUSEYE,Jigawa,Dutse,North West,9.60247149,12.33105192
32011,Mangu,PL,GRID,Plateau,Jos,North Central,9.031328101,9.469105349
13001,Ado-Ekiti,EK,GRID,Ekiti,Ado,South West,5.205044291,7.66965739
16005,Funakaye,GO,GRID,Gombe,Gombe,North East,11.53150559,10.92327213
16006,Gombe,GO,GRID,Gombe,Gombe,North East,11.13779354,10.317873
16010,Shomgom,GO,GRID,Gombe,Gombe,North East,11.3693216,9.685925878
16004,Dukku,GO,GRID,Gombe,Gombe,North East,11.02867603,11.09897995
7018,Okpokwu,BE,GRID,Benue,Makurdi,North Central,7.661678929,6.865325858
115,Kala/Balge,BR,Oluseye.Abraham,Borno,Maiduguri,North East,14.35135802,12.36369004
113,Jere,BR,Oluseye.Abraham,Borno,Maiduguri,North East,13.22025648,12.0164048
1016,Umuahia North,AB,GRID,Abia,Umuahia,South East,7.570559609,5.521924816
116,Konduga,BR,Oluseye.Abraham,Borno,Maiduguri,North East,12.95859989,11.91329551
119,Mafa,BR,Oluseye.Abraham,Borno,Maiduguri,North East,13.38403606,12.23348346
23003,Ankpa,KO,EHA-OLUSEYE,Kogi,Lokoja,North Central,7.752448082,7.647782803
1007,Isiala-Ngwa South,AB,GRID,Abia,Umuahia,South East,7.270877594,5.211813513
1017,Umuahia South,AB,GRID,Abia,Umuahia,South East,7.487232323,5.491874735
1009,Obi Nwga,AB,GRID,Abia,Umuahia,South East,7.482319044,5.048153384
1003,Arochukwu,AB,GRID,Abia,Umuahia,South East,7.987059643,5.364329695
1008,Isuikwuato,AB,GRID,Abia,Umuahia,South East,7.514269179,5.70337185
1010,Ohafia,AB,GRID,Abia,Umuahia,South East,7.912912405,5.525071922
1012,Ugwunagbo,AB,GRID,Abia,Umuahia,South East,7.311168633,4.968926043
1013,Ukwa East,AB,GRID,Abia,Umuahia,South East,7.477078305,4.90838669
1006,Isiala-Ngwa North,AB,GRID,Abia,Umuahia,South East,7.359950492,5.341840464
1011,Osisioma Ngwa,AB,GRID,Abia,Umuahia,South East,7.321162168,5.112899097
1004,Bende,AB,GRID,Abia,Umuahia,South East,7.695071829,5.675114012
1014,Ukwa West,AB,GRID,Abia,Umuahia,South East,7.293948572,4.875077642
1005,Ikwuano,AB,GRID,Abia,Umuahia,South East,7.639547222,5.3224775
107,Damboa,BR,Oluseye.Abraham,Borno,Maiduguri,North East,12.4407472,11.38978797
111,Gwoza,BR,Oluseye.Abraham,Borno,Maiduguri,North East,13.76466794,11.33477916
13006,Emure,EK,GRID,Ekiti,Ado,South West,5.566870837,7.404347401
26006,Keffi,NA,GRID,Nasarawa,Lafia,North Central,7.77609176,8.779932634
102,Askira/Uba,BR,Oluseye.Abraham,Borno,Maiduguri,North East,13.27451224,10.88961082
13011,Ikole,EK,GRID,Ekiti,Ado,South West,5.445495843,7.87366673
13007,Gbonyin,EK,GRID,Ekiti,Ado,South West,5.432593924,7.549515253
13014,Ise/Orun,EK,GRID,Ekiti,Ado,South West,5.301251568,7.50058134
13012,Ilejemeje,EK,GRID,Ekiti,Ado,South West,5.185163869,7.963650382
26001,Akwanga,NA,GRID,Nasarawa,Lafia,North Central,8.337365486,9.177808762
26009,Nasarawa,NA,GRID,Nasarawa,Lafia,North Central,7.461713855,8.382608865
26012,Toto,NA,GRID,Nasarawa,Lafia,North Central,6.972080167,8.023789394
26010,Nasarawa Egon,NA,GRID,Nasarawa,Lafia,North Central,8.25566646,8.586561809
13009,Ijero,EK,GRID,Ekiti,Ado,South West,4.974511613,7.920686891
28004,Yewa North,OG,GRID,Ogun,Abeokuta,South West,2.841674088,7.362936827
1001,Aba North,AB,GRID,Abia,Umuahia,South East,7.321162168,5.112899097
28011,Ijebu Ode,OG,GRID,Ogun,Abeokuta,South West,3.909719997,6.815459705
28019,Remo North,OG,GRID,Ogun,Abeokuta,South West,3.726004394,7.08591047
28010,Ijebu North East,OG,GRID,Ogun,Abeokuta,South West,4.052132186,6.900234206
28005,Yewa South,OG,GRID,Ogun,Abeokuta,South West,2.850900326,6.777609188
28009,Ijebu North,OG,GRID,Ogun,Abeokuta,South West,3.918758534,7.083571795
28003,Ado Odo/Ota,OG,GRID,Ogun,Abeokuta,South West,3.095919401,6.731201352
28008,Ijebu East,OG,GRID,Ogun,Abeokuta,South West,4.054284019,6.742214839
28017,Odogbolu,OG,GRID,Ogun,Abeokuta,South West,3.717422273,6.756186366
28007,Ifo,OG,GRID,Ogun,Abeokuta,South West,3.278049835,6.73651864
28012,Ikenne,OG,GRID,Ogun,Abeokuta,South West,3.682922046,6.889080736
28014,Ipokia,OG,GRID,Ogun,Abeokuta,South West,2.728155428,6.621622494
28013,Imeko Afon,OG,GRID,Ogun,Abeokuta,South West,3.020134694,7.782099423
28002,Abeokuta South,OG,GRID,Ogun,Abeokuta,South West,3.358898014,7.128176532
28016,Odeda,OG,GRID,Ogun,Abeokuta,South West,3.717602999,7.339814117
28006,Ewekoro,OG,GRID,Ogun,Abeokuta,South West,3.111092275,7.029268668
28015,Obafemi Owode,OG,GRID,Ogun,Abeokuta,South West,3.404966924,7.14742224
28020,Shagamu,OG,GRID,Ogun,Abeokuta,South West,3.604207077,6.896315276
28018,Ogun Waterside,OG,GRID,Ogun,Abeokuta,South West,4.27831964,6.438326909
13013,Irepodun/Ifelodun,EK,GRID,Ekiti,Ado,South West,5.114948244,7.709401605
13005,Ekiti West,EK,GRID,Ekiti,Ado,South West,5.009728574,7.641324493
13016,Oye,EK,GRID,Ekiti,Ado,South West,5.278308751,7.87351593
13008,Ido-Osi,EK,GRID,Ekiti,Ado,South West,5.139663911,7.887526262
31010,Ibadan South West,OY,WHO,Oyo,Ibandan,South West,3.891466668,7.375849276
31009,Ibadan South East,OY,WHO,Oyo,Ibandan,South West,3.912904225,7.338990691
25015,Ojo,LA,EHA-OLUSEYE,Lagos,Lagos,South West,3.123824986,6.500810455
704,Fika,YO,EHA-MICHAEL,Yobe,Damaturu,North East,11.28821725,11.60938327
24002,Baruten,KW,eha_abraham,Kwara,Ilorin,North Central,3.823319197,10.05430603
16009,Nafada,GO,GRID,Gombe,Gombe,North East,11.20087576,11.17509038
16008,Kwami,GO,GRID,Gombe,Gombe,North East,11.14666653,10.6707449
24011,Kaiama,KW,eha_abraham,Kwara,Ilorin,North Central,4.607569406,9.082652256
16002,Balanga,GO,GRID,Gombe,Gombe,North East,11.74742227,10.08964054
602,Bodinga,SO,EHA-SAMUEL,Sokoto,Sokoto,North West,5.187821469,12.94958087
603,Dange Shuni,SO,EHA-OLUSEYE,Sokoto,Sokoto,North West,5.345481271,12.98795245
614,Shagari,SO,Oluseye.Abraham,Sokoto,Sokoto,North West,5.199791001,12.67721807
618,Tambuwal,SO,EHA-SAMUEL,Sokoto,Sokoto,North West,4.7871785,12.74767533
24003,Edu,KW,eha_abraham,Kwara,Ilorin,North Central,5.525417805,8.94010067
32014,Qua'an Pan,PL,GRID,Plateau,Jos,North Central,9.045992603,8.922930243
24016,Pategi,KW,eha_abraham,Kwara,Ilorin,North Central,5.521727864,8.673265352
32016,Shendam,PL,GRID,Plateau,Jos,North Central,9.74505043,8.388293266
1002,Aba South,AB,GRID,Abia,Umuahia,South East,7.369546005,5.064340961
28001,Abeokuta North,OG,GRID,Ogun,Abeokuta,South West,3.12212853,7.146478072
9015,Odukpani,CR,GRID,Cross River,Calabar,South South,8.222429918,4.934481283
26003,Doma,NA,GRID,Nasarawa,Lafia,North Central,8.009701052,8.136913899
11003,Afikpo South,EB,WHO,Ebonyi,Abakaliki,South East,7.775055087,5.90324335
25009,Ibeju Lekki,LA,NGA_TEAMGIS,Lagos,Lagos,South West,3.719056013,6.560008073
25006,Badagry,LA,NGA_TEAMGIS,Lagos,Lagos,South West,2.846748263,6.446622242
25020,Lagos Island,LA,EHA-SAMUEL,Lagos,Lagos,South West,3.380981956,6.465247588
25008,Eti Osa,LA,NGA_TEAMGIS,Lagos,Lagos,South West,3.410869535,6.457313613
25007,Epe,LA,NGA_TEAMGIS,Lagos,Lagos,South West,3.940837844,6.680290525
25012,Ikorodu,LA,NGA_TEAMGIS,Lagos,Lagos,South West,3.453973272,6.645920242
123,Monguno,BR,Oluseye.Abraham,Borno,Maiduguri,North East,14.15253603,12.7702746
101,Abadam,BR,EHA-OLUSEYE,Borno,Maiduguri,North East,13.34060672,13.71925861
117,Kukawa,BR,Oluseye.Abraham,Borno,Maiduguri,North East,13.98953527,13.21382494
17021,Orsu,IM,GRID,Imo,Owerri,South East,7.001842735,5.824931784
110,Guzamala,BR,Oluseye.Abraham,Borno,Maiduguri,North East,13.26039983,13.02693502
126,Nganzai,BR,Oluseye.Abraham,Borno,Maiduguri,North East,13.15766566,12.7932002
109,Gubio,BR,Oluseye.Abraham,Borno,Maiduguri,North East,12.93096005,12.84411818
706,Geidam,YO,Abraham.Oluseye,Yobe,Damaturu,North East,12.39838761,12.90440535
16011,Yamaltu/Deba,GO,GRID,Gombe,Gombe,North East,11.57277901,10.57258816
4016,Ogbaru,AN,GRID,Anambra,Awka,South East,6.71629446,5.977274526
104,Bayo,BR,Abraham.Oluseye,Borno,Maiduguri,North East,11.83490478,10.66100758
4015,Nnewi South,AN,GRID,Anambra,Awka,South East,6.953992093,5.995355725
4009,Ekwusigo,AN,OSGOF,Anambra,Awka,South East,6.797476332,6.003704267
4008,Dunukofia,AN,GRID,Anambra,Awka,South East,6.923512916,6.166433951
4007,Ayamelum,AN,GRID,Anambra,Awka,South East,6.939525523,6.647024303
4012,Ihiala,AN,GRID,Anambra,Awka,South East,6.787339612,5.904295948
4005,Awka North,AN,GRID,Anambra,Awka,South East,6.97592412,6.339305972
4017,Onitsha North,AN,GRID,Anambra,Awka,South East,6.767510292,6.162496901
4006,Awka South,AN,OSGOF,Anambra,Awka,South East,7.033108859,6.220375467
4014,Nnewi North,AN,GRID,Anambra,Awka,South East,6.929240705,6.018340083
4019,Orumba North,AN,GRID,Anambra,Awka,South East,7.074681809,6.075374106
4001,Aguata,AN,GRID,Anambra,Awka,South East,7.000843244,6.03080586
4010,Idemili North,AN,GRID,Anambra,Awka,South East,6.883502958,6.161248256
4013,Njikoka,AN,GRID,Anambra,Awka,South East,6.96410363,6.162782746
4020,Orumba South,AN,WHO,Anambra,Awka,South East,7.339062691,6.042149544
17005,Ideato North,IM,GRID,Imo,Owerri,South East,7.137434773,5.849236605
703,Damaturu,YO,Abraham.Oluseye,Yobe,Damaturu,North East,12.1195158,12.13041496
707,Gujba,YO,Abraham.Oluseye,Yobe,Damaturu,North East,12.30111365,11.64490942
114,Kaga,BR,Abraham.Oluseye,Borno,Maiduguri,North East,12.60226087,11.99046686
120,Magumeri,BR,Abraham.Oluseye,Borno,Maiduguri,North East,12.60253955,12.4449224
25011,Ikeja,LA,EHA-OLUSEYE,Lagos,Lagos,South West,3.344242459,6.62166896
25010,Ifako/Ijaye,LA,EHA-OLUSEYE,Lagos,Lagos,South West,3.309451456,6.651375313
